Geschlecht;Studienfach
maennlich;BWL
maennlich;BWL
maennlich;BWL
maennlich;BWL
maennlich;BWL
maennlich;BWL
maennlich;BWL
maennlich;BWL
maennlich;BWL
maennlich;BWL
maennlich;BWL
maennlich;BWL
maennlich;BWL
maennlich;BWL
maennlich;BWL
maennlich;BWL
maennlich;BWL
maennlich;BWL
maennlich;BWL
maennlich;BWL
maennlich;BWL
maennlich;BWL
maennlich;BWL
maennlich;BWL
maennlich;BWL
maennlich;BWL
maennlich;BWL
maennlich;BWL
maennlich;BWL
maennlich;BWL
maennlich;BWL
maennlich;BWL
maennlich;BWL
maennlich;BWL
maennlich;BWL
maennlich;BWL
maennlich;BWL
maennlich;BWL
maennlich;BWL
maennlich;BWL
maennlich;BWL
maennlich;BWL
maennlich;BWL
maennlich;BWL
maennlich;BWL
maennlich;BWL
maennlich;BWL
maennlich;BWL
maennlich;BWL
maennlich;BWL
maennlich;BWL
maennlich;BWL
maennlich;BWL
maennlich;BWL
maennlich;BWL
maennlich;BWL
maennlich;BWL
maennlich;BWL
maennlich;BWL
maennlich;BWL
maennlich;Wirtschaftspsychologie
maennlich;Wirtschaftspsychologie
maennlich;Wirtschaftspsychologie
maennlich;Wirtschaftspsychologie
maennlich;Wirtschaftspsychologie
maennlich;Wirtschaftspsychologie
maennlich;Wirtschaftspsychologie
maennlich;Wirtschaftspsychologie
maennlich;Wirtschaftspsychologie
maennlich;Wirtschaftspsychologie
maennlich;Wirtschaftspsychologie
maennlich;Wirtschaftspsychologie
maennlich;Wirtschaftspsychologie
maennlich;Wirtschaftspsychologie
maennlich;Wirtschaftspsychologie
maennlich;Wirtschaftspsychologie
maennlich;Wirtschaftspsychologie
maennlich;Wirtschaftspsychologie
maennlich;Wirtschaftspsychologie
maennlich;Wirtschaftspsychologie
maennlich;Wirtschaftspsychologie
maennlich;Wirtschaftspsychologie
maennlich;Wirtschaftspsychologie
maennlich;Wirtschaftspsychologie
maennlich;Wirtschaftspsychologie
maennlich;Wirtschaftspsychologie
maennlich;Wirtschaftspsychologie
maennlich;Wirtschaftspsychologie
maennlich;Wirtschaftspsychologie
maennlich;Wirtschaftspsychologie
maennlich;Wirtschaftspsychologie
maennlich;Wirtschaftspsychologie
maennlich;Wirtschaftspsychologie
maennlich;Wirtschaftspsychologie
maennlich;Wirtschaftspsychologie
maennlich;Wirtschaftspsychologie
maennlich;Wirtschaftspsychologie
maennlich;Wirtschaftspsychologie
maennlich;Wirtschaftspsychologie
maennlich;Wirtschaftspsychologie
maennlich;Psychologie
maennlich;Psychologie
maennlich;Psychologie
maennlich;Psychologie
maennlich;Psychologie
maennlich;Psychologie
maennlich;Psychologie
maennlich;Psychologie
maennlich;Psychologie
maennlich;Psychologie
maennlich;Psychologie
maennlich;Psychologie
maennlich;Psychologie
maennlich;Psychologie
maennlich;Psychologie
maennlich;Psychologie
maennlich;Psychologie
maennlich;Psychologie
maennlich;Psychologie
maennlich;Psychologie
weiblich;BWL
weiblich;BWL
weiblich;BWL
weiblich;BWL
weiblich;BWL
weiblich;BWL
weiblich;BWL
weiblich;BWL
weiblich;BWL
weiblich;BWL
weiblich;BWL
weiblich;BWL
weiblich;BWL
weiblich;BWL
weiblich;BWL
weiblich;BWL
weiblich;BWL
weiblich;BWL
weiblich;BWL
weiblich;BWL
weiblich;BWL
weiblich;BWL
weiblich;BWL
weiblich;BWL
weiblich;BWL
weiblich;BWL
weiblich;BWL
weiblich;BWL
weiblich;BWL
weiblich;BWL
weiblich;BWL
weiblich;BWL
weiblich;BWL
weiblich;BWL
weiblich;BWL
weiblich;BWL
weiblich;BWL
weiblich;BWL
weiblich;BWL
weiblich;BWL
weiblich;BWL
weiblich;BWL
weiblich;BWL
weiblich;BWL
weiblich;BWL
weiblich;BWL
weiblich;BWL
weiblich;BWL
weiblich;BWL
weiblich;BWL
weiblich;BWL
weiblich;BWL
weiblich;BWL
weiblich;BWL
weiblich;BWL
weiblich;BWL
weiblich;BWL
weiblich;BWL
weiblich;BWL
weiblich;BWL
weiblich;Wirtschaftspsychologie
weiblich;Wirtschaftspsychologie
weiblich;Wirtschaftspsychologie
weiblich;Wirtschaftspsychologie
weiblich;Wirtschaftspsychologie
weiblich;Wirtschaftspsychologie
weiblich;Wirtschaftspsychologie
weiblich;Wirtschaftspsychologie
weiblich;Wirtschaftspsychologie
weiblich;Wirtschaftspsychologie
weiblich;Wirtschaftspsychologie
weiblich;Wirtschaftspsychologie
weiblich;Wirtschaftspsychologie
weiblich;Wirtschaftspsychologie
weiblich;Wirtschaftspsychologie
weiblich;Wirtschaftspsychologie
weiblich;Wirtschaftspsychologie
weiblich;Wirtschaftspsychologie
weiblich;Wirtschaftspsychologie
weiblich;Wirtschaftspsychologie
weiblich;Psychologie
weiblich;Psychologie
weiblich;Psychologie
weiblich;Psychologie
weiblich;Psychologie
weiblich;Psychologie
weiblich;Psychologie
weiblich;Psychologie
weiblich;Psychologie
weiblich;Psychologie
weiblich;Psychologie
weiblich;Psychologie
weiblich;Psychologie
weiblich;Psychologie
weiblich;Psychologie
weiblich;Psychologie
weiblich;Psychologie
weiblich;Psychologie
weiblich;Psychologie
weiblich;Psychologie
weiblich;Psychologie
weiblich;Psychologie
weiblich;Psychologie
weiblich;Psychologie
weiblich;Psychologie
weiblich;Psychologie
weiblich;Psychologie
weiblich;Psychologie
weiblich;Psychologie
weiblich;Psychologie
weiblich;Psychologie
weiblich;Psychologie
weiblich;Psychologie
weiblich;Psychologie
weiblich;Psychologie
weiblich;Psychologie
weiblich;Psychologie
weiblich;Psychologie
weiblich;Psychologie
weiblich;Psychologie
weiblich;Psychologie
weiblich;Psychologie
weiblich;Psychologie
weiblich;Psychologie
weiblich;Psychologie
weiblich;Psychologie
weiblich;Psychologie
weiblich;Psychologie
weiblich;Psychologie
weiblich;Psychologie
weiblich;Psychologie
weiblich;Psychologie
weiblich;Psychologie
weiblich;Psychologie
weiblich;Psychologie
weiblich;Psychologie
weiblich;Psychologie
weiblich;Psychologie
weiblich;Psychologie
weiblich;Psychologie
weiblich;Psychologie
weiblich;Psychologie
weiblich;Psychologie
weiblich;Psychologie
weiblich;Psychologie
weiblich;Psychologie
weiblich;Psychologie
weiblich;Psychologie
weiblich;Psychologie
weiblich;Psychologie
weiblich;Psychologie
weiblich;Psychologie
weiblich;Psychologie
weiblich;Psychologie
weiblich;Psychologie
weiblich;Psychologie
weiblich;Psychologie
weiblich;Psychologie
weiblich;Psychologie
weiblich;Psychologie
weiblich;Psychologie
weiblich;Psychologie
weiblich;Psychologie
weiblich;Psychologie
weiblich;Psychologie
weiblich;Psychologie
weiblich;Psychologie
weiblich;Psychologie
weiblich;Psychologie
weiblich;Psychologie
weiblich;Psychologie
weiblich;Psychologie
weiblich;Psychologie
weiblich;Psychologie
weiblich;Psychologie
weiblich;Psychologie
weiblich;Psychologie
weiblich;Psychologie
weiblich;Psychologie
weiblich;Psychologie
